{
    "metrics": {
        "charge_latency": {
            "min": 5.261,
            "med": 15.54,
            "max": 37.42,
            "p(50)": 15.54,
            "p(90)": 24.9835,
            "avg": 17.21978,
            "p(75)": 18.581,
            "p(95)": 31.828,
            "p(99)": 36.72469,
            "thresholds": {
                "p(95)<1000": false
            }
        },
        "http_req_waiting": {
            "p(90)": 606.5452,
            "p(75)": 113.74125000000001,
            "p(95)": 758.5157999999999,
            "p(99)": 915.92765,
            "avg": 139.05938118811875,
            "min": 1.088,
            "med": 12.986,
            "max": 979.952,
            "p(50)": 12.986
        },
        "data_sent": {
            "count": 78072,
            "rate": 68126.01113094833
        },
        "reserve_success": {
            "count": 1,
            "rate": 0.872604917652274,
            "thresholds": {
                "count==1": false
            }
        },
        "login_success": {
            "count": 50,
            "rate": 43.6302458826137,
            "thresholds": {
                "count==50": false
            }
        },
        "http_req_connecting": {
            "p(75)": 0.025500000000000002,
            "p(90)": 0.06880000000000001,
            "avg": 0.01841584158415842,
            "min": 0,
            "med": 0,
            "p(50)": 0,
            "p(95)": 0.1023999999999999,
            "p(99)": 0.16382999999999998,
            "max": 0.188
        },
        "http_req_tls_handshaking": {
            "p(75)": 0,
            "p(90)": 0,
            "p(95)": 0,
            "p(99)": 0,
            "avg": 0,
            "min": 0,
            "med": 0,
            "max": 0,
            "p(50)": 0
        },
        "http_req_duration": {
            "med": 13.044,
            "p(50)": 13.044,
            "p(90)": 606.5945,
            "p(95)": 758.5800499999999,
            "avg": 139.117702970297,
            "max": 979.991,
            "p(75)": 113.98975,
            "p(99)": 915.95274,
            "min": 1.122,
            "thresholds": {
                "p(95)<10000": false
            }
        },
        "payment_latency": {
            "avg": 3.957,
            "med": 3.957,
            "p(50)": 3.957,
            "p(75)": 3.957,
            "p(95)": 3.957,
            "p(99)": 3.957,
            "min": 3.957,
            "max": 3.957,
            "p(90)": 3.957,
            "thresholds": {
                "p(95)<5000": false
            }
        },
        "queue_token_latency": {
            "avg": 4.1296,
            "med": 3.959,
            "max": 13.571,
            "p(95)": 8.443399999999999,
            "min": 1.122,
            "p(50)": 3.959,
            "p(75)": 5.01025,
            "p(90)": 6.8169,
            "p(99)": 11.397849999999998,
            "thresholds": {
                "p(95)<1000": false
            }
        },
        "data_received": {
            "count": 71525,
            "rate": 62413.06673507889
        },
        "http_req_blocked": {
            "p(95)": 0.12484999999999997,
            "p(99)": 0.1959,
            "min": 0,
            "max": 2.762,
            "p(50)": 0.003,
            "avg": 0.03985148514851484,
            "med": 0.003,
            "p(75)": 0.04575,
            "p(90)": 0.09590000000000001
        },
        "iteration_duration": {
            "med": 554.7959995,
            "p(90)": 911.4295244000001,
            "p(95)": 936.84157515,
            "p(99)": 982.10024024,
            "min": 150.790833,
            "max": 991.508791,
            "p(50)": 554.7959995,
            "p(75)": 774.8815935,
            "avg": 560.97457748
        },
        "http_req_failed": {
            "passes": 49,
            "fails": 153,
            "value": 0.24257425742574257
        },
        "vus": {
            "value": 10,
            "min": 10,
            "max": 10
        },
        "iterations": {
            "count": 50,
            "rate": 43.6302458826137
        },
        "reserve_latency": {
            "p(90)": 113.4292,
            "min": 1.486,
            "med": 4.2620000000000005,
            "p(75)": 7.85575,
            "p(95)": 114.28215,
            "p(99)": 115.43676,
            "avg": 24.187060000000006,
            "max": 115.474,
            "p(50)": 4.2620000000000005,
            "thresholds": {
                "p(95)<3000": false
            }
        },
        "queue_token_success": {
            "count": 50,
            "rate": 43.6302458826137,
            "thresholds": {
                "count==50": false
            }
        },
        "http_req_sending": {
            "med": 0.011,
            "p(75)": 0.01875,
            "p(90)": 0.029900000000000003,
            "p(99)": 0.10079999999999997,
            "avg": 0.017970297029702934,
            "min": 0.002,
            "max": 0.438,
            "p(50)": 0.011,
            "p(95)": 0.04589999999999998
        },
        "http_req_receiving": {
            "avg": 0.040351485148514825,
            "min": 0.007,
            "max": 0.311,
            "p(50)": 0.0325,
            "p(95)": 0.08095,
            "med": 0.0325,
            "p(75)": 0.047,
            "p(90)": 0.06890000000000002,
            "p(99)": 0.16887
        },
        "checks": {
            "passes": 152,
            "fails": 49,
            "value": 0.7562189054726368
        },
        "http_reqs": {
            "count": 202,
            "rate": 176.26619336575934
        },
        "login_latency": {
            "min": 84.7,
            "med": 531.563,
            "max": 979.991,
            "p(75)": 751.139,
            "p(95)": 912.1573,
            "avg": 513.43314,
            "p(50)": 531.563,
            "p(90)": 894.4462,
            "p(99)": 970.5521299999999,
            "thresholds": {
                "p(95)<2000": false
            }
        },
        "vus_max": {
            "value": 50,
            "min": 50,
            "max": 50
        },
        "http_req_duration{expected_response:true}": {
            "p(95)": 829.255,
            "min": 1.122,
            "med": 15.75,
            "p(75)": 234.584,
            "p(99)": 937.4897199999999,
            "avg": 175.94149019607843,
            "max": 979.991,
            "p(50)": 15.75,
            "p(90)": 680.0298
        },
        "charge_success": {
            "count": 50,
            "rate": 43.6302458826137,
            "thresholds": {
                "count==50": false
            }
        },
        "payment_success": {
            "count": 1,
            "rate": 0.872604917652274,
            "thresholds": {
                "count==1": false
            }
        }
    },
    "setup_data": {
        "vu": 50
    },
    "root_group": {
        "name": "",
        "path": "",
        "id": "d41d8cd98f00b204e9800998ecf8427e",
        "groups": {},
        "checks": {
                "login_success": {
                    "name": "login_success",
                    "path": "::login_success",
                    "id": "82c27ca5002d59cbd27be2ac807f24d9",
                    "passes": 50,
                    "fails": 0
                },
                "queue_token_success": {
                    "name": "queue_token_success",
                    "path": "::queue_token_success",
                    "id": "ff15f7691fcf83f58e04aa3968104014",
                    "passes": 50,
                    "fails": 0
                },
                "charge_success": {
                    "id": "59c5a3e3057dded5c0a16081930bb91b",
                    "passes": 50,
                    "fails": 0,
                    "name": "charge_success",
                    "path": "::charge_success"
                },
                "reserve_success": {
                    "fails": 49,
                    "name": "reserve_success",
                    "path": "::reserve_success",
                    "id": "5a2f71d82b319f45e08346e4c469e0c1",