{
    "metrics": {
        "charge_latency": {
            "p(99)": 33.027879999999996,
            "avg": 16.8446,
            "max": 34.247,
            "p(50)": 15.648499999999999,
            "p(90)": 24.5527,
            "p(95)": 29.025999999999993,
            "min": 7.48,
            "med": 15.648499999999999,
            "p(75)": 20.99425,
            "thresholds": {
                "p(95)<1000": false
            }
        },
        "payment_latency": {
            "avg": 4.609,
            "min": 4.609,
            "med": 4.609,
            "p(75)": 4.609,
            "p(90)": 4.609,
            "p(99)": 4.609,
            "max": 4.609,
            "p(50)": 4.609,
            "p(95)": 4.609,
            "thresholds": {
                "p(95)<5000": false
            }
        },
        "http_req_sending": {
            "p(99)": 0.33607999999999966,
            "med": 0.01,
            "max": 0.391,
            "p(75)": 0.019,
            "p(95)": 0.05779999999999997,
            "avg": 0.021054455445544497,
            "min": 0.003,
            "p(50)": 0.01,
            "p(90)": 0.03570000000000001
        },
        "vus": {
            "value": 12,
            "min": 12,
            "max": 12
        },
        "data_received": {
            "count": 71387,
            "rate": 59682.73767920623
        },
        "reserve_latency": {
            "avg": 30.1494,
            "med": 5.4245,
            "max": 323.537,
            "p(75)": 14.852,
            "p(90)": 108.8476,
            "p(95)": 115.45684999999999,
            "min": 1.264,
            "p(50)": 5.4245,
            "p(99)": 278.78725999999995,
            "thresholds": {
                "p(95)<3000": false
            }
        },
        "queue_token_latency": {
            "p(75)": 4.88875,
            "p(90)": 6.7612,
            "avg": 3.8993,
            "med": 3.835,
            "p(95)": 7.370999999999998,
            "p(99)": 9.43482,
            "min": 1.446,
            "max": 10.21,
            "p(50)": 3.835,
            "thresholds": {
                "p(95)<1000": false
            }
        },
        "charge_success": {
            "count": 50,
            "rate": 41.8022452821986,
            "thresholds": {
                "count==50": false
            }
        },
        "data_sent": {
            "count": 77797,
            "rate": 65041.78552438409
        },
        "checks": {
            "passes": 152,
            "fails": 49,
            "value": 0.7562189054726368
        },
        "vus_max": {
            "value": 50,
            "min": 50,
            "max": 50
        },
        "login_latency": {
            "p(95)": 965.1321,
            "p(99)": 1026.30711,
            "avg": 554.6269,
            "min": 95.838,
            "med": 568.1120000000001,
            "p(75)": 817.3405,
            "p(90)": 953.3200999999999,
            "max": 1030.551,
            "p(50)": 568.1120000000001,
            "thresholds": {
                "p(95)<2000": false
            }
        },
        "iteration_duration": {
            "med": 593.0597505000001,
            "max": 1043.289625,
            "p(50)": 593.0597505000001,
            "p(75)": 835.1161145,
            "p(90)": 977.6243872,
            "p(95)": 984.71029985,
            "p(99)": 1039.79192317,
            "avg": 607.9184075400001,
            "min": 165.085375
        },
        "http_req_tls_handshaking": {
            "avg": 0,
            "max": 0,
            "p(50)": 0,
            "p(75)": 0,
            "p(90)": 0,
            "p(95)": 0,
            "p(99)": 0,
            "min": 0,
            "med": 0
        },
        "http_req_failed": {
            "passes": 49,
            "fails": 153,
            "value": 0.24257425742574257
        },
        "iterations": {
            "count": 50,
            "rate": 41.8022452821986
        },
        "http_req_duration": {
            "p(90)": 643.5208,
            "p(99)": 965.88098,
            "avg": 150.62471782178218,
            "med": 12.5585,
            "max": 1030.551,
            "p(50)": 12.5585,
            "p(95)": 823.9828,
            "min": 1.264,
            "p(75)": 110.5615,
            "thresholds": {
                "p(95)<10000": false
            }
        },
        "reserve_success": {
            "rate": 0.8360449056439719,
            "count": 1,
            "thresholds": {
                "count==1": false
            }
        },
        "payment_success": {
            "count": 1,
            "rate": 0.8360449056439719,
            "thresholds": {
                "count==1": false
            }
        },
        "login_success": {
            "count": 50,
            "rate": 41.8022452821986,
            "thresholds": {
                "count==50": false
            }
        },
        "http_req_blocked": {
            "max": 3.367,
            "p(90)": 0.10660000000000001,
            "p(95)": 0.17259999999999992,
            "avg": 0.04656435643564354,
            "med": 0.003,
            "p(50)": 0.003,
            "p(75)": 0.0435,
            "p(99)": 0.25992,
            "min": 0.001
        },
        "http_req_connecting": {
            "max": 0.252,
            "p(90)": 0.07790000000000001,
            "p(95)": 0.11579999999999997,
            "p(99)": 0.19570999999999997,
            "avg": 0.02025742574257426,
            "p(50)": 0,
            "p(75)": 0.024,
            "min": 0,
            "med": 0
        },
        "http_reqs": {
            "count": 202,
            "rate": 168.88107094008234
        },
        "http_req_duration{expected_response:true}": {
            "avg": 189.19948366013065,
            "min": 1.446,
            "max": 1030.551,
            "p(50)": 15.725,
            "p(95)": 891.578,
            "med": 15.725,
            "p(75)": 257.688,
            "p(90)": 745.8928,
            "p(99)": 992.7741599999999
        },
        "http_req_receiving": {
            "min": 0.007,
            "max": 0.197,
            "p(50)": 0.036,
            "p(95)": 0.10889999999999998,
            "p(99)": 0.14395999999999998,
            "avg": 0.044683168316831674,
            "med": 0.036,
            "p(75)": 0.056,
            "p(90)": 0.08190000000000001
        },
        "http_req_waiting": {
            "max": 1030.463,
            "p(50)": 12.507,
            "avg": 150.55898019801973,
            "med": 12.507,
            "p(75)": 110.49025,
            "p(90)": 643.4476,
            "p(95)": 823.9386,
            "p(99)": 965.85609,
            "min": 1.238
        },
        "queue_token_success": {
            "count": 50,
            "rate": 41.8022452821986,
            "thresholds": {
                "count==50": false
            }
        }
    },
    "setup_data": {
        "vu": 50
    },
    "root_group": {
        "groups": {},
        "checks": {
                "login_success": {
                    "fails": 0,
                    "name": "login_success",
                    "path": "::login_success",
                    "id": "82c27ca5002d59cbd27be2ac807f24d9",
                    "passes": 50
                },
                "queue_token_success": {
                    "id": "ff15f7691fcf83f58e04aa3968104014",
                    "passes": 50,
                    "fails": 0,
                    "name": "queue_token_success",
                    "path": "::queue_token_success"
                },
                "charge_success": {
                    "name": "charge_success",
                    "path": "::charge_success",
                    "id": "59c5a3e3057dded5c0a16081930bb91b",
                    "passes": 50,
                    "fails": 0
                },
                "reserve_success": {
                    "fails": 49,
                    "name": "reserve_success",
                    "path": "::reserve_success",
                    "id": "5a2f71d82b319f45e08346e4c469e0c1",